E_Id,First_Name,Last_Name,Email,Contact,Address,Status,ID,PASSWORD
adasd,asdas,asdas,asdas@sdasd,123456789,asdasd,0,adasd,88d4266fd4e6338d13b845fcf289579d209c897823b9217da3e161936f031589
E_102,Kundan,Kumar,Kundan@mail.com,9876545678,Sector21,0,E_102,88d4266fd4e6338d13b845fcf289579d209c897823b9217da3e161936f031589
E_101,Rohan,Sharma,78965444,8965342637,sector90,0,E_101,jhdhbekwfdej
E_104,Hansika,Rastogi,hansika@gmail.com,8976545678,Sector21,0,E_104,264ca706da5347904f8ae6acf336616c1833c187274f1c32e2742b87de58440c
E_90,hansikakasdka,fefewfedfre,wwwe,213,ww,0,E_90,hn
E_210,dddddew,ewdwef,fcwfew,324324,dssdf,0,E_210,6b51d431df5d7f141cbececcf79edf3dd861c3b4069f0b11661a3eefacbba918
E_100,anita,anil,anita@gmail.com,2345678977,ss,0,E_100,6b51d431df5d7f141cbececcf79edf3dd861c3b4069f0b11661a3eefacbba918
E_107,ee,ee,ee,34,ddf,0,E_107,6b51d431df5d7f141cbececcf79edf3dd861c3b4069f0b11661a3eefacbba918
E_200,ww,ww,wwe,23,wewe,0,E_200,6b51d431df5d7f141cbececcf79edf3dd861c3b4069f0b11661a3eefacbba918
E_23,ww,ww,ww,22,ww,0,E_23,4fc82b26aecb47d2868c4efbe3581732a3e7cbcc6c2efb32062c08170a05eeb8
E_420,hansika,rastogi,han@gmail.com,987654321,ww,0,E_420,88d4266fd4e6338d13b845fcf289579d209c897823b9217da3e161936f031589
E_909,wew,wewe,we,34343,dfefr,0,E_909,03ac674216f3e15c761ee1a5e255f067953623c8b388b4459e13f978d7c846f4
